BMI_Group,Outcome
Underweight,0.0
Normal,0.06481481481481481
Overweight,0.24444444444444444
Obese,0.45588235294117646
